run_id,runtime_ms,cpu_time_ms,rss_mb,vms_mb
1,72.61210899923753,60.00000000000006,162.8125,873.27734375
2,29.841827001291676,20.000000000000018,163.0625,873.27734375
3,29.861775999961537,29.999999999999805,163.08984375,873.27734375
4,30.257500000516302,20.000000000000018,164.59765625,873.27734375
5,34.48015299909457,40.000000000000036,160.91015625,872.44921875
6,31.2438929995551,40.000000000000036,161.3515625,873.44921875
7,41.92334099934669,40.000000000000036,161.38671875,873.44921875
8,31.70695199878537,29.999999999999805,161.39453125,873.44921875
9,30.354287000591285,30.00000000000025,161.37890625,873.44921875
10,28.554537000673008,29.999999999999805,161.7421875,873.44921875
11,31.102405999263283,30.00000000000025,161.7578125,873.44921875
12,28.842576999522862,39.99999999999959,161.76953125,873.44921875
13,52.863220998915494,50.00000000000027,161.7734375,873.44921875
14,28.376590000334545,29.999999999999805,162.14453125,873.44921875
15,29.66380699945148,29.999999999999805,162.1640625,873.44921875
16,29.60926499872585,20.000000000000018,163.2890625,873.44921875
17,27.19667900055356,30.00000000000025,163.6328125,873.44921875
18,28.77541599991673,29.999999999999805,162.76953125,873.44921875
19,27.747031001126743,30.00000000000025,162.796875,873.44921875
20,28.229653000380495,29.999999999999805,162.796875,873.44921875
21,29.293018000316806,20.000000000000018,162.8046875,873.44921875
22,27.263985000899993,30.00000000000025,163.5703125,873.44921875
23,28.15244100020209,29.999999999999805,163.59375,873.44921875
24,30.114556999251363,29.999999999999805,163.61328125,873.44921875
25,27.318083000864135,30.00000000000025,163.95703125,873.44921875
26,30.346961999384803,29.999999999999805,164.4453125,873.44921875
27,39.00138800054265,40.000000000000036,163.9296875,873.44921875
28,27.43484299935517,20.000000000000018,163.9609375,873.44921875
29,32.282342999678804,40.000000000000036,164.3046875,873.44921875
30,29.689222001252347,30.00000000000025,164.6953125,873.44921875
31,29.729596000834135,29.999999999999805,163.96484375,873.44921875
32,31.142829000600614,29.999999999999805,164.0,873.44921875
33,31.219246000546264,30.00000000000025,164.00390625,873.44921875
34,30.022933999134693,29.999999999999805,165.1953125,873.44921875
35,34.40678399965691,30.00000000000025,163.0546875,873.44921875
36,29.64824700029567,29.999999999999805,164.046875,873.44921875
37,31.939272999807145,30.00000000000025,164.3828125,873.44921875
38,30.184322999048163,40.000000000000036,165.5859375,873.44921875
39,34.82486999928369,29.999999999999805,165.609375,873.44921875
40,33.143452999865985,29.999999999999805,164.78125,873.44921875
41,28.234440000233008,40.000000000000036,165.609375,873.44921875
42,29.44761399885465,29.999999999999805,165.9921875,873.44921875
43,53.70461300117313,50.00000000000027,166.0078125,873.44921875
44,29.562857998826075,30.00000000000025,165.484375,873.44921875
45,28.481840001404635,30.00000000000025,165.84375,873.44921875
46,29.28188799887721,29.99999999999936,166.3828125,873.44921875
47,29.015193998930044,30.00000000000025,166.40234375,873.44921875
48,30.60455800005002,29.99999999999936,166.421875,873.44921875
49,57.98328800119634,70.00000000000028,165.91796875,873.46484375
50,28.172426998935407,19.999999999999574,166.7890625,873.44921875
51,35.6487629996991,29.99999999999936,166.8046875,873.44921875
52,31.272378999346984,30.00000000000025,166.81640625,873.44921875
53,31.83853900009126,30.00000000000025,166.30859375,873.44921875
54,31.68741400077124,30.00000000000025,167.18359375,873.44921875
55,78.1860980005149,79.99999999999918,167.203125,873.44921875
56,29.25427300033334,30.00000000000025,167.203125,873.44921875
57,30.140647999360226,30.00000000000025,161.9765625,873.44921875
58,30.217841000194312,30.00000000000025,162.33984375,873.44921875
59,32.888632000322104,40.000000000000036,162.3515625,873.44921875
60,36.522880000120495,40.000000000000036,162.35546875,873.44921875
61,30.718345999048324,30.00000000000025,163.86328125,873.44921875
62,27.643645998978172,30.00000000000025,163.06640625,873.44921875
63,33.06712699850323,29.99999999999936,163.10546875,873.44921875
64,32.609402000161936,30.00000000000025,164.19921875,873.44921875
65,32.07959899918933,30.00000000000025,164.2421875,873.44921875
66,33.561952999662026,40.000000000000036,163.05078125,873.44921875
67,56.749421000859,49.99999999999982,163.08203125,873.44921875
68,30.403336000745185,30.00000000000025,163.08203125,873.44921875
69,26.95910800139245,39.99999999999915,163.08203125,873.44921875
70,27.660901001581806,30.00000000000025,163.42578125,873.44921875
71,31.79443900080514,30.00000000000025,163.44140625,873.44921875
72,31.492670999796246,30.00000000000025,164.9609375,873.44921875
73,55.55232699953194,59.99999999999961,165.328125,873.44921875
74,26.79644900126732,20.000000000000462,165.33984375,873.44921875
75,26.819310000064434,29.99999999999936,164.10546875,873.44921875
76,42.8849790005188,49.99999999999982,164.45703125,873.44921875
77,27.663590999509324,20.000000000000462,165.33984375,873.44921875
78,29.300368998519843,30.00000000000025,165.38671875,873.44921875
79,28.827270998590393,29.99999999999936,163.859375,873.46484375
80,27.529360000698944,30.00000000000025,165.34765625,873.44921875
81,27.64995700090367,30.00000000000025,165.359375,873.44921875
82,33.885803999510244,30.00000000000025,165.69921875,873.44921875
83,28.685898998446646,29.99999999999936,163.21484375,873.44921875
84,30.877402999976766,40.000000000000036,164.19140625,873.44921875
85,32.32798200042453,30.00000000000025,164.55078125,873.44921875
86,29.822840000633732,29.99999999999936,164.921875,873.44921875
87,29.096148000462563,30.00000000000025,164.93359375,873.44921875
88,28.89359499931743,30.00000000000025,164.90234375,873.44921875
89,28.78149000025587,30.00000000000025,164.93359375,873.46484375
90,31.164904999968712,29.99999999999936,166.484375,873.44921875
91,53.153106000536354,50.00000000000071,166.5078125,873.44921875
92,29.976038000313565,19.999999999999574,165.640625,873.44921875
93,27.5659490016551,30.00000000000025,166.0078125,873.44921875
94,29.62083599959442,30.00000000000025,167.234375,873.44921875
95,45.01298200011661,59.99999999999961,167.234375,873.44921875
96,30.131051998978364,30.00000000000025,167.25390625,873.44921875
97,28.678799000772415,19.999999999999574,166.36328125,873.44921875
98,29.0711840007134,30.00000000000025,166.7421875,873.44921875
99,29.573133999292622,30.00000000000025,167.63671875,873.44921875
100,29.98369799934153,29.99999999999936,167.65625,873.44921875
101,30.060281000260147,30.00000000000025,166.75,873.44921875
102,27.41325400165806,30.00000000000025,167.6484375,873.44921875
103,65.5633870010206,70.00000000000028,167.671875,873.44921875
104,31.598536999808857,40.000000000000036,168.02734375,873.44921875
105,32.392283999797655,30.00000000000025,167.14453125,873.46484375
106,28.966031999516417,30.00000000000025,168.0546875,873.44921875
107,28.985065000597388,19.999999999999574,168.0703125,873.44921875
108,28.975707000427064,30.00000000000025,168.0703125,873.44921875
109,30.09514100085653,29.99999999999936,168.42578125,873.44921875
110,29.498039000827703,30.00000000000025,167.2734375,873.44921875
111,30.84228400075517,30.00000000000025,167.29296875,873.44921875
112,30.871876000674092,20.000000000000462,167.29296875,873.44921875
113,30.507930998282973,40.000000000000036,167.3125,873.44921875
114,55.94566499894427,49.99999999999982,167.66796875,873.46484375
115,28.919202000906807,29.99999999999936,169.19140625,873.44921875
116,28.443813000194496,30.00000000000025,169.55859375,873.44921875
117,28.850407999925665,30.00000000000025,169.91796875,873.44921875
118,31.544821000352385,30.00000000000025,167.84375,873.44921875
119,32.848511000338476,39.99999999999915,168.32421875,873.44921875
120,28.49147999950219,19.999999999999574,168.53125,873.44921875
121,27.462459000162198,30.00000000000025,168.8203125,873.44921875
122,36.766770001122495,40.000000000000036,170.05859375,873.44921875
123,30.104561999905854,29.99999999999936,168.41796875,873.44921875
124,28.442874001484597,30.00000000000025,168.4375,873.44921875
125,26.974832000632887,20.000000000000462,168.46875,873.44921875
126,26.93695000016305,29.99999999999936,168.8203125,873.44921875
127,33.03600199978973,40.000000000000036,168.7578125,873.44921875
128,26.817364001544775,30.00000000000025,168.79296875,873.44921875
129,50.90811299851339,49.99999999999982,170.3359375,873.44921875
130,27.5287960012065,30.00000000000025,170.47265625,873.44921875
131,26.746396000817185,19.999999999999574,170.48828125,873.44921875
132,27.25819099941873,30.00000000000025,169.234375,873.44921875
133,28.007419999994454,30.00000000000025,169.265625,873.44921875
134,27.245085999311414,29.99999999999936,169.390625,873.44921875
135,30.42888900017715,30.00000000000025,169.40234375,873.44921875
136,30.67208699940238,30.00000000000025,169.37109375,873.44921875
137,55.37898900001892,49.99999999999982,169.38671875,873.44921875
138,31.93159399961587,40.000000000000036,169.8359375,873.44921875
139,31.706089999715914,30.00000000000025,169.8359375,873.44921875
140,63.189344999045716,69.9999999999994,169.81640625,873.44921875
141,27.86206100063282,30.00000000000025,169.8359375,873.44921875
142,28.733953999108053,30.00000000000025,170.21875,873.46484375
143,29.229674000816885,19.999999999999574,171.421875,873.44921875
144,31.682998000178486,40.000000000000036,171.47265625,873.44921875
145,32.22516200003156,30.00000000000025,170.29296875,873.44921875
146,28.931762999491184,29.99999999999936,170.69140625,874.44921875
147,32.85023099851969,30.00000000000025,170.70703125,874.44921875
148,29.908872998930747,30.00000000000025,172.171875,874.44921875
149,32.88363799947547,30.00000000000025,170.94921875,874.44921875
150,31.627577998733614,40.000000000000036,172.20703125,874.44921875
151,29.30051099974662,39.99999999999915,172.22265625,874.44921875
152,57.201216000976274,50.00000000000071,172.23828125,874.44921875
153,33.885322000060114,39.99999999999915,170.36328125,874.44921875
154,36.46471100000781,30.000000000001137,171.26953125,874.44921875
155,29.61171400056628,29.99999999999936,171.28515625,874.44921875
156,29.42251800050144,30.000000000001137,171.98046875,874.44921875
157,29.382632999841007,29.99999999999936,172.26953125,874.44921875
158,30.36733899898536,29.99999999999936,171.51953125,874.44921875
159,29.512903000068036,30.000000000001137,171.54296875,874.44921875
160,28.595363000931684,29.99999999999936,171.546875,874.44921875
161,29.68793100080802,29.99999999999936,171.55078125,874.44921875
162,29.562269999587443,30.000000000001137,171.8984375,874.44921875
163,30.684045001180493,39.99999999999915,171.91015625,874.44921875
164,28.759314000126324,19.999999999999574,171.91015625,874.44921875
165,29.865344000427285,30.000000000001137,173.08203125,874.44921875
166,29.424937998555833,29.99999999999936,173.453125,874.44921875
167,76.22671600074682,80.00000000000007,172.19140625,874.44921875
168,27.995341000860208,29.99999999999936,172.203125,874.44921875
169,30.213355999876512,29.99999999999936,172.203125,874.44921875
170,28.644420999626163,20.00000000000135,172.203125,874.44921875
171,30.86804799931997,39.99999999999915,163.91796875,874.44921875
172,29.12529000059294,29.99999999999936,164.24609375,874.44921875
173,29.66827700038266,30.000000000001137,164.58984375,874.44921875
174,29.93119500024477,29.99999999999936,166.10546875,874.44921875
175,31.176070000583422,30.000000000001137,164.2578125,874.44921875
176,28.42738700019254,19.999999999999574,164.6171875,874.44921875
177,35.61983899999177,39.99999999999915,164.96484375,874.44921875
178,29.547187999924063,30.000000000001137,165.3203125,874.44921875
179,29.973286000313237,29.99999999999936,163.6953125,874.44921875
180,29.06757499840751,40.000000000000924,164.953125,874.44921875
181,28.27031199922203,30.000000000001137,165.2890625,874.44921875
182,27.839484999276465,29.99999999999936,165.65234375,874.46484375
183,31.217667999953846,29.99999999999936,167.140625,874.44921875
184,28.9529700003186,30.000000000001137,165.26953125,874.44921875
185,55.03460100044322,49.999999999998934,165.62890625,874.44921875
186,26.502077998884488,30.000000000001137,165.98046875,874.44921875
187,55.37049799931992,49.999999999998934,165.9921875,874.44921875
188,27.032625999709126,30.000000000001137,165.6171875,874.44921875
189,26.324729000407388,29.99999999999936,165.96875,874.44921875
190,29.480564000550658,29.99999999999936,167.48046875,874.44921875
191,68.56455500019365,70.00000000000028,167.50390625,874.44921875
192,28.99048600011156,30.000000000001137,167.5078125,874.44921875
193,28.323767999609117,29.99999999999936,166.3203125,874.44921875
194,44.41243799919903,39.99999999999915,167.83203125,874.44921875
195,28.843217998655746,30.000000000001137,167.85546875,874.44921875
196,31.803624000531272,39.99999999999915,168.203125,874.44921875
197,29.6625849987322,30.000000000001137,166.6875,874.44921875
198,30.36348800014821,29.99999999999936,168.20703125,874.44921875
199,28.713711999444058,29.99999999999936,168.23046875,874.44921875
200,27.9490220000298,30.000000000001137,168.578125,874.44921875
201,29.981977999341325,29.99999999999936,167.05078125,874.44921875
202,29.135069000403746,29.99999999999936,167.4140625,874.44921875
203,32.25930000007793,30.000000000001137,167.4375,874.44921875
204,28.733816001476953,29.99999999999936,167.44140625,874.44921875
205,28.99873600108549,29.99999999999936,168.95703125,874.44921875
206,28.69587799978035,30.000000000001137,167.76171875,874.44921875
207,30.494114000248373,29.99999999999936,167.8046875,874.44921875
208,29.74278200053959,29.99999999999936,167.8046875,874.44921875
209,44.06991399991966,50.00000000000071,168.98046875,874.44921875
210,29.698365999138332,29.99999999999936,168.1328125,874.44921875
211,32.000445999074145,40.000000000000924,168.1484375,874.44921875
212,31.529062000117847,29.99999999999936,168.16796875,874.44921875
213,29.285797998454655,30.000000000001137,168.51953125,874.44921875
214,28.266821000215714,19.999999999999574,167.48828125,874.44921875
215,29.172282998843002,29.99999999999936,167.92578125,874.44921875
216,28.48880300007295,29.99999999999936,168.171875,874.44921875
217,28.30607800024154,30.000000000001137,168.44921875,874.44921875
218,54.863724999449914,60.0000000000005,168.515625,874.44921875
219,30.087137000009534,29.99999999999936,168.2265625,874.44921875
220,28.855241998826386,29.99999999999936,168.5859375,874.44921875
221,29.74314899984165,40.000000000000924,168.94921875,874.44921875
222,31.483696000577766,29.99999999999936,169.3203125,874.44921875
223,32.199605000641895,29.99999999999936,168.5859375,874.44921875
224,30.94547200089437,30.000000000001137,168.953125,874.44921875
225,29.5884630013461,29.99999999999936,169.30078125,874.44921875
226,29.325657998924726,29.99999999999936,170.81640625,874.44921875
227,29.566606999651412,30.000000000001137,170.828125,874.44921875
228,30.443662000834593,29.99999999999936,169.3046875,874.44921875
229,29.26581400060968,30.000000000001137,169.671875,874.44921875
230,28.74940199944831,29.99999999999936,170.0390625,874.44921875
231,28.827933998400113,29.99999999999936,171.5390625,874.44921875
232,52.24288799945498,50.00000000000071,169.6484375,874.44921875
233,33.57967400006601,29.99999999999936,171.09375,874.44921875
234,41.13073299959069,60.0000000000005,171.12890625,874.44921875
235,29.92487299889035,29.99999999999936,171.15234375,874.44921875
236,29.79808499912906,30.000000000001137,169.62109375,874.44921875
237,28.400302000591182,19.999999999999574,169.75,874.44921875
238,26.302723001208506,29.99999999999936,170.01171875,874.44921875
239,26.974054000675096,19.999999999999574,170.03125,874.44921875
240,26.810814000782557,30.000000000001137,170.03125,874.44921875
241,30.546531999789295,29.99999999999936,170.72265625,874.44921875
242,27.213465999011532,29.99999999999936,171.12109375,874.44921875
243,27.50669399938488,30.000000000001137,171.140625,874.44921875
244,29.30259599997953,29.99999999999936,171.9453125,874.44921875
245,27.541550000023562,29.99999999999936,170.42578125,874.44921875
246,27.167391999682877,30.000000000001137,170.46875,874.44921875
247,30.154346000927035,29.99999999999936,170.4921875,874.44921875
248,67.59206899914716,70.00000000000028,170.49609375,874.44921875
249,29.542758000388858,29.99999999999936,169.55078125,874.44921875
250,27.451850000943523,30.000000000001137,170.57421875,874.44921875
251,29.60338299999421,29.99999999999936,170.578125,874.44921875
252,29.55080300125701,29.99999999999936,170.58203125,874.44921875
253,29.307673999937833,30.000000000001137,170.58203125,874.44921875
254,28.589905001354055,29.99999999999936,170.9296875,874.44921875
255,29.2785340006958,29.99999999999936,170.93359375,874.44921875
256,28.74008900107583,30.000000000001137,170.93359375,874.44921875
257,28.906169998663245,29.99999999999936,170.94921875,874.44921875
258,29.89792399966973,29.99999999999936,172.02734375,874.44921875
259,36.88036699895747,30.000000000001137,172.05078125,874.44921875
260,32.057955000709626,29.99999999999936,172.515625,874.44921875
261,36.149778999970295,50.00000000000071,172.53515625,874.44921875
262,29.44218999982695,29.99999999999936,172.89453125,874.44921875
263,29.854880000129924,29.99999999999936,171.71484375,874.44921875
264,31.11793599964585,30.000000000001137,171.71875,874.44921875
265,27.588114999161917,29.99999999999936,171.72265625,874.44921875
266,29.711818999203388,29.99999999999936,172.09765625,874.44921875
267,31.59338600016781,30.000000000001137,171.78125,874.44921875
268,28.079571999114705,29.99999999999936,172.0625,874.44921875
269,28.72806000050332,30.000000000001137,172.11328125,874.44921875
270,63.92467600016971,59.99999999999872,173.6796875,874.44921875
271,29.075307000312023,30.000000000001137,172.54296875,874.44921875
272,29.69346099962422,40.000000000000924,172.90625,874.44921875
273,29.112476000591414,29.99999999999936,173.26171875,874.44921875
274,29.11676400071883,30.000000000001137,173.640625,874.44921875
275,29.702829000598285,29.99999999999936,173.64453125,874.44921875
276,27.868769999258802,29.99999999999936,173.27734375,874.44921875
277,27.738533999581705,30.000000000001137,174.3984375,874.44921875
278,29.01486299924727,29.99999999999936,174.4453125,874.44921875
279,77.31500099907862,70.00000000000028,174.46484375,874.44921875
280,32.591429000603966,39.99999999999915,164.05078125,874.44921875
281,30.562011001165956,30.000000000001137,164.41015625,874.44921875
282,30.59860900066269,29.99999999999936,164.7578125,874.44921875
283,31.39745200132893,30.000000000001137,166.23828125,874.44921875
284,29.240866999316495,39.99999999999915,164.35546875,874.44921875
285,31.34244399916497,29.99999999999936,165.85546875,874.44921875
286,31.61993700086896,30.000000000001137,166.20703125,874.44921875
287,31.31486500024039,29.99999999999936,166.22265625,874.44921875
288,30.660055999760516,39.99999999999915,166.22265625,874.44921875
289,34.39051799978188,30.000000000001137,165.09765625,874.44921875
290,29.007285000261618,29.99999999999936,165.4609375,874.44921875
291,38.330108000081964,40.000000000000924,165.4765625,874.44921875
292,30.346743000336573,29.99999999999936,165.4765625,874.44921875
293,31.73636700012139,29.99999999999936,165.43359375,874.44921875
294,29.013931000008597,30.000000000001137,165.7890625,874.44921875
295,31.749103000038303,29.99999999999936,165.8046875,874.44921875
296,28.663155000685947,29.99999999999936,165.80859375,874.44921875
297,29.23112600001332,30.000000000001137,165.78515625,874.44921875
298,27.5819140006206,29.99999999999936,167.26953125,874.44921875
299,68.27668600089964,70.00000000000028,167.2890625,874.44921875
300,26.8499489993701,19.999999999999574,167.29296875,874.44921875
301,27.053194999098196,30.000000000001137,167.296875,874.44921875
302,29.757239999526064,29.99999999999936,166.48046875,874.44921875
303,28.199712998684845,29.99999999999936,166.5078125,874.44921875
304,27.138594999996712,40.000000000000924,166.5078125,874.44921875
305,27.860176998729003,29.99999999999936,167.63671875,874.44921875
306,28.966530999241513,19.999999999999574,166.83203125,874.44921875
307,55.67337499996938,60.0000000000005,167.984375,874.44921875
308,29.052316000161227,29.99999999999936,168.33984375,874.44921875
309,28.65782699882402,30.000000000001137,168.6796875,874.44921875
310,29.267601001265575,29.99999999999936,166.3046875,874.44921875
311,28.784131000065827,19.999999999999574,166.71875,874.44921875
312,29.414980001092772,30.000000000001137,166.97265625,874.44921875
313,28.576073000294855,39.99999999999915,167.2578125,874.44921875
314,28.488507001384278,19.999999999999574,167.59765625,874.44921875
315,29.744281000603223,40.000000000000924,166.8984375,874.44921875
316,28.198481999424985,29.99999999999936,167.24609375,874.44921875
317,28.20943400001852,29.99999999999936,167.59375,874.44921875
318,29.011902999627637,30.000000000001137,169.078125,874.44921875
319,29.249101999084814,29.99999999999936,167.25390625,874.44921875
320,27.58667499983858,30.000000000001137,168.7109375,874.44921875
321,28.46881699952064,19.999999999999574,169.07421875,874.46484375
322,29.272260999277933,29.99999999999936,169.44140625,874.44921875
323,28.77557200008596,30.000000000001137,169.44140625,874.44921875
324,29.643802999999025,29.99999999999936,167.9609375,874.44921875
325,29.025874000581098,39.99999999999915,168.31640625,874.46484375
326,28.86283899897535,30.000000000001137,169.78515625,874.44921875
327,30.66468100041675,29.99999999999936,169.8203125,874.44921875
328,53.255302000252414,60.0000000000005,168.3125,874.44921875
329,28.17848400081857,19.999999999999574,168.67578125,874.44921875
330,28.539409999211784,29.99999999999936,169.0546875,874.44921875
331,30.193476000931696,30.000000000001137,170.53515625,874.44921875
332,28.017848999297712,29.99999999999936,168.68359375,874.44921875
333,28.982511999856797,29.99999999999936,169.046875,874.44921875
334,28.834052000092925,30.000000000001137,169.4140625,874.44921875
335,30.18703699854086,29.99999999999936,170.88671875,874.44921875
336,32.84458199959772,39.99999999999915,171.24609375,874.44921875
337,33.60510600032285,30.000000000001137,169.40234375,874.44921875
338,32.11551899948972,29.99999999999936,170.8984375,874.44921875
339,31.796907000170904,40.000000000000924,170.953125,874.44921875
340,27.62650200020289,29.99999999999936,170.96875,874.44921875
341,30.53812799953448,29.99999999999936,169.77734375,874.44921875
342,29.113242999301292,20.00000000000135,170.15234375,874.44921875
343,28.571521001140354,19.999999999999574,170.171875,874.44921875
344,29.701809000471258,29.99999999999936,170.171875,874.44921875
345,28.799458999856142,30.000000000001137,169.25390625,874.44921875
346,30.63734199895407,29.99999999999936,170.7421875,874.44921875
347,30.063829000937403,29.99999999999936,170.7734375,874.44921875
348,29.708095999012585,30.000000000001137,171.125,874.44921875
349,28.638145999138942,29.99999999999936,171.7734375,874.44921875
350,30.407749000005424,39.99999999999915,170.88671875,874.44921875
351,31.72913399976096,30.000000000001137,170.90625,874.44921875
352,29.618148999361438,29.99999999999936,170.91015625,874.44921875
353,28.008543000396458,30.000000000001137,171.2578125,874.44921875
354,27.563646999624325,29.99999999999936,171.265625,874.44921875
355,28.437891000066884,29.99999999999936,171.28125,874.44921875
356,29.111140000168234,30.000000000001137,171.28125,874.44921875
357,27.436668999143876,19.999999999999574,171.28515625,874.44921875
358,26.816648998646997,29.99999999999936,171.671875,874.44921875
359,30.327187001603306,30.000000000001137,172.0078125,874.44921875
360,28.318267000940978,29.99999999999936,172.3671875,874.44921875
361,27.662127000439796,29.99999999999936,172.83984375,874.44921875
362,28.68954599944118,30.000000000001137,173.203125,875.44921875
363,28.1287429988879,29.99999999999936,171.34375,875.44921875
364,28.362437999021495,29.99999999999936,172.8125,875.44921875
365,31.951976001437288,30.000000000001137,173.171875,875.44921875
366,29.151186998205958,29.99999999999936,173.5546875,875.44921875
367,29.63886299949081,29.99999999999936,171.671875,875.44921875
368,29.55715399912151,30.000000000001137,172.03515625,875.44921875
369,29.228834000605275,29.99999999999936,172.390625,875.44921875
370,28.301013000600506,29.99999999999936,172.7890625,875.44921875
371,35.63141900121991,40.000000000000924,172.7890625,875.44921875
372,33.114067000497016,29.99999999999936,172.4296875,875.44921875
373,30.010190999746555,40.000000000000924,172.80859375,875.44921875
374,78.3979489988269,70.00000000000028,174.34765625,875.44921875
375,29.403548998743645,29.99999999999936,174.39453125,875.44921875
376,30.95790700172074,29.99999999999936,172.875,875.44921875
377,29.100581001330283,30.000000000001137,173.2421875,875.44921875
378,55.15155700049945,59.99999999999872,173.4765625,875.44921875
379,30.28959500079509,30.000000000001137,174.9375,875.44921875
380,29.92778400039242,29.99999999999936,172.2890625,875.44921875
381,29.992512001626892,29.99999999999936,173.78125,875.44921875
382,29.809329000272555,40.0000000000027,173.98046875,875.44921875
383,31.25393599839299,29.99999999999936,174.00390625,875.46484375
384,30.968249000579817,30.000000000001137,174.9609375,875.44921875
385,30.751034000786603,29.99999999999936,174.0078125,875.44921875
386,33.561475000169594,39.99999999999915,174.25,875.44921875
387,30.87250499993388,30.000000000001137,175.51953125,875.44921875
388,28.913426000144682,29.99999999999936,175.53515625,875.44921875
389,30.314341000121203,29.99999999999936,174.359375,875.44921875
390,29.382923999946797,30.000000000001137,174.61328125,875.44921875
391,27.50129900050524,19.999999999999574,174.625,875.44921875
392,30.438543999480316,40.000000000000924,175.609375,875.44921875
393,29.751482999927248,29.99999999999936,175.75,875.44921875
394,28.214575000674813,19.999999999999574,174.3671875,875.44921875
395,75.33155999954033,89.99999999999986,174.3828125,875.44921875
396,31.826866999836056,29.99999999999936,174.3828125,875.44921875
397,59.90020600074786,60.0000000000005,174.41796875,875.44921875
398,30.008253999767476,30.000000000001137,165.5,875.44921875
399,28.932913999597076,29.99999999999936,165.5234375,875.44921875
400,27.72145099879708,29.99999999999936,165.5234375,875.44921875
401,28.7091190002684,30.000000000001137,165.87109375,875.44921875
402,29.6246540001448,29.99999999999936,165.86328125,875.44921875
403,52.85864200050128,49.999999999998934,165.87890625,875.44921875
404,29.734638999798335,30.000000000001137,166.21484375,875.44921875
405,28.792483999495744,29.999999999997584,166.55859375,875.44921875
406,28.409553999154014,40.0000000000027,165.30078125,875.44921875
407,28.63917600006971,29.999999999997584,165.7734375,875.44921875
408,29.61674200014386,30.000000000001137,167.22265625,875.44921875
409,28.146839000328328,19.999999999999574,167.5703125,875.44921875
410,27.614274998995825,30.000000000001137,167.76953125,875.44921875
411,29.815675001373165,29.999999999997584,165.89453125,875.44921875
412,26.67113099960261,30.000000000001137,166.25,875.44921875
413,27.566533999561216,19.999999999999574,166.59375,875.44921875
414,30.217251000067336,30.000000000001137,168.02734375,875.44921875
415,28.732988001138438,30.000000000001137,166.22265625,875.44921875
416,27.42857900011586,29.999999999997584,166.58203125,875.44921875
417,27.9511310000089,39.99999999999915,166.94140625,875.44921875
418,28.202737999890815,30.000000000001137,168.390625,875.44921875
419,27.597600999797578,19.999999999999574,168.41015625,875.44921875
420,29.07554900048126,30.000000000001137,166.91015625,875.44921875
421,30.365177000931,29.999999999997584,167.25390625,875.44921875
422,27.688400999977603,30.000000000001137,167.59765625,875.44921875
423,29.41248299975996,30.000000000001137,167.625,875.44921875
424,29.83221000067715,29.999999999997584,167.3046875,875.44921875
425,29.592625000077533,30.000000000001137,168.74609375,875.46484375
426,29.51169699917955,30.000000000001137,169.08984375,875.44921875
427,30.176207999829785,29.999999999997584,169.1171875,875.44921875
428,31.0947230009333,30.000000000001137,167.60546875,875.44921875
429,29.52057800030161,30.000000000001137,167.9609375,875.44921875
430,30.126497000310337,29.999999999997584,168.31640625,875.44921875
431,61.2125739990006,60.000000000002274,168.33203125,875.44921875
432,30.724108000868,30.000000000001137,169.81640625,875.44921875
433,29.7736039992742,39.99999999999915,168.375,875.44921875
434,30.379250998521456,30.000000000001137,168.7265625,875.44921875
435,31.168423000053735,30.000000000001137,168.75,875.44921875
436,29.2263549999916,29.999999999997584,170.171875,875.44921875
437,29.250466999656055,30.000000000001137,168.71875,875.44921875
438,29.932743000244955,30.000000000001137,169.07421875,875.44921875
439,29.969434999657096,30.000000000001137,169.08984375,875.44921875
440,28.606878000573488,29.999999999997584,169.08984375,875.44921875
441,29.533306000303128,30.000000000001137,168.21484375,875.44921875
442,28.195031998620834,30.000000000001137,169.47265625,875.44921875
443,28.751383999406244,29.999999999997584,169.4765625,875.44921875
444,30.109777000689064,30.000000000001137,170.9140625,875.44921875
445,29.536981999626732,30.000000000001137,170.9140625,875.44921875
446,30.66980500079808,29.999999999997584,169.78125,875.44921875
447,44.120362001194735,50.00000000000071,169.8046875,875.44921875
448,29.640046999702463,30.000000000001137,169.8046875,875.44921875
449,29.153370000130963,30.000000000001137,170.16015625,875.44921875
450,43.13844999887806,49.99999999999716,170.17578125,875.44921875
451,31.508850001046085,30.000000000001137,170.1953125,875.44921875
452,32.888645999264554,29.999999999997584,171.6640625,875.46484375
453,28.685666000455967,30.000000000001137,171.65625,875.44921875
454,29.751551999652293,30.000000000001137,171.66796875,875.44921875
455,34.715779998805374,29.999999999997584,170.5546875,875.44921875
456,30.74004299924127,40.0000000000027,170.90234375,875.44921875
457,31.406189998961054,29.999999999997584,171.68359375,875.46484375
458,30.193145999874105,30.000000000001137,172.03125,875.44921875
459,30.345642000611406,30.000000000001137,170.23046875,875.44921875
460,29.217949999292614,29.999999999997584,170.5859375,875.44921875
461,31.057538000823115,40.0000000000027,170.94140625,875.44921875
462,30.35890299906896,30.000000000001137,171.29296875,875.44921875
463,30.749179999475018,29.999999999997584,170.56640625,875.44921875
464,29.13405999970564,30.000000000001137,170.9375,875.44921875
465,30.692037998960586,30.000000000001137,172.3828125,875.44921875
466,29.279143000167096,29.999999999997584,172.75,875.44921875
467,27.931856999202864,30.000000000001137,172.76171875,875.44921875
468,29.07885099921259,30.000000000001137,171.27734375,875.44921875
469,28.481616000135546,29.999999999997584,171.640625,875.44921875
470,29.19287100121437,19.999999999999574,172.00390625,875.44921875
471,27.95493899975554,30.000000000001137,173.45703125,875.44921875
472,27.293381001072703,39.99999999999915,171.62890625,875.44921875
473,30.579860000216286,30.000000000001137,173.1171875,875.44921875
474,42.497845000980305,39.99999999999915,173.5,875.44921875
475,27.704344000085257,29.999999999997584,173.51953125,875.44921875
476,28.405046999978367,30.000000000001137,172.02734375,875.44921875
477,27.392940999561688,30.000000000001137,173.5,875.44921875
478,28.234157000042615,30.000000000001137,173.87109375,875.44921875
479,30.983374001152697,30.000000000001137,173.88671875,875.44921875
480,29.923223999503534,29.999999999997584,173.89453125,875.44921875
481,29.740432000835426,30.000000000001137,172.77734375,875.44921875
482,30.275031000201125,30.000000000001137,174.2734375,875.44921875
483,31.25020100014808,29.999999999997584,174.2890625,875.44921875
484,30.646266999610816,30.000000000001137,174.64453125,875.44921875
485,28.98498500144342,30.000000000001137,173.171875,875.46484375
486,29.12711700082582,39.999999999995595,174.6640625,875.44921875
487,29.565386001195293,30.000000000001137,174.6953125,875.44921875
488,33.180035001350916,39.99999999999915,174.7109375,875.44921875
489,28.868397001133417,30.000000000001137,175.0703125,875.44921875
490,29.588280000098166,30.000000000001137,173.921875,875.44921875
491,29.28124899881368,19.999999999999574,175.0703125,875.44921875
492,31.15969299869903,39.99999999999915,175.42578125,875.44921875
493,42.57231700103148,39.99999999999915,175.44140625,875.44921875
494,39.325237999946694,39.99999999999915,174.28515625,875.44921875
495,29.333067001061863,30.000000000001137,175.4453125,875.44921875
496,28.621707000638708,30.000000000001137,175.796875,875.44921875
497,29.671542999494704,30.000000000001137,176.1484375,875.44921875
498,30.73700499953702,39.99999999999915,174.68359375,875.44921875
499,49.66292199969757,50.00000000000071,175.49609375,875.44921875
500,27.635331998681067,19.999999999999574,175.5,875.44921875
501,30.305058000521967,30.000000000001137,175.86328125,875.44921875
502,28.408764001142117,29.999999999997584,176.203125,875.44921875
503,29.463352000675513,30.000000000001137,174.47265625,875.44921875
504,56.633116999364574,60.000000000002274,175.96484375,875.44921875
505,29.380022000623285,39.999999999995595,176.046875,875.44921875
506,43.58946100001049,39.99999999999915,176.06640625,875.44921875
507,30.11026199965272,30.000000000001137,174.78515625,875.44921875
508,33.3815379999578,39.99999999999915,175.0859375,875.44921875
509,29.141122000510222,30.000000000001137,175.1171875,875.44921875
510,29.67009100029827,19.999999999999574,176.64453125,875.44921875
511,78.19764699888765,70.00000000000028,170.1171875,875.44921875
512,28.96995499941113,29.999999999997584,170.38671875,875.44921875
513,28.889899998830515,30.000000000001137,170.703125,875.44921875
514,29.59550600098737,30.000000000001137,170.953125,875.44921875
515,53.334363001340535,59.99999999999872,170.953125,875.44921875
516,29.30501899936644,30.000000000001137,165.9921875,875.44921875
517,30.482633999781683,30.000000000001137,166.33984375,875.44921875
518,29.882429000281263,30.000000000001137,166.68359375,875.44921875
519,28.76886500052933,29.999999999997584,166.703125,875.44921875
520,29.43430300001637,30.000000000001137,166.33984375,875.44921875
521,28.271831999518326,30.000000000001137,166.6875,875.44921875
522,30.36928099936631,29.999999999997584,168.1171875,875.44921875
523,28.207204000864294,30.000000000001137,168.12890625,875.44921875
524,27.243882999755442,30.000000000001137,166.6953125,875.44921875
525,47.98154600030102,39.99999999999915,168.11328125,875.44921875
526,27.971821000392083,40.0000000000027,168.4375,875.44921875
527,27.071111999248387,29.999999999997584,168.453125,875.44921875
528,26.940419000311522,30.000000000001137,168.48046875,875.46484375
529,28.965773000891204,30.000000000001137,167.34375,875.44921875
530,27.47882999938156,19.999999999999574,167.69921875,875.44921875
531,29.27602400086471,29.999999999997584,167.71484375,875.44921875
532,29.059076001431094,30.000000000001137,167.71484375,875.44921875
533,29.344898999625002,30.000000000001137,167.73046875,875.44921875
534,31.176189999314374,29.999999999997584,168.07421875,875.44921875
535,32.670388000042294,30.000000000001137,168.08984375,875.44921875
536,32.21259500060114,39.99999999999915,169.5078125,875.44921875
537,32.54446200116945,30.000000000001137,167.16015625,875.44921875
538,30.17336700031592,39.99999999999915,168.3828125,875.44921875
539,30.198485999790137,29.999999999997584,168.3984375,875.44921875
540,28.942385000846116,30.000000000001137,169.515625,875.44921875
541,27.872811999259284,30.000000000001137,169.859375,875.44921875
542,28.9577180010383,29.999999999997584,168.7421875,875.44921875
543,29.66264300084731,30.000000000001137,168.78125,875.44921875
544,29.458363000230747,30.000000000001137,170.21484375,875.44921875
545,31.170965999990585,29.999999999997584,170.21875,875.44921875
546,29.897971000536927,30.000000000001137,169.09375,875.44921875
547,26.789450999785913,40.0000000000027,169.12890625,875.44921875
548,27.667151000059675,29.999999999997584,169.12890625,875.44921875
549,76.7360079989885,70.00000000000028,170.234375,875.44921875
550,28.670541001702077,30.000000000001137,170.58984375,875.44921875
551,34.471400000256835,39.99999999999915,169.12109375,875.44921875
552,52.493497998511884,50.00000000000071,169.48046875,875.44921875
553,28.73130500120169,30.000000000001137,169.82421875,875.44921875
554,30.48812499946507,29.999999999997584,170.17578125,875.44921875
555,31.168159999651834,39.99999999999915,169.12890625,875.44921875
556,30.67445799933921,30.000000000001137,170.5546875,875.44921875
557,30.220643999200547,30.000000000001137,170.9140625,875.44921875
558,27.61476900013804,29.999999999997584,171.265625,875.44921875
559,31.823183000597055,30.000000000001137,169.4609375,875.44921875
560,28.418605999831925,30.000000000001137,169.8203125,875.44921875
561,33.151092000480276,29.999999999997584,171.28125,875.44921875
562,29.161772999941604,30.000000000001137,171.6484375,875.44921875
563,29.950697000458604,30.000000000001137,171.66015625,875.44921875
564,33.76095299972803,29.999999999997584,170.18359375,875.44921875
565,29.028557999481563,30.000000000001137,170.55078125,875.46484375
566,28.935266998814768,30.000000000001137,170.90234375,875.44921875
567,29.532728000049246,29.999999999997584,170.921875,875.44921875
568,30.00991100088868,40.0000000000027,170.5625,875.44921875
569,30.048001999603002,30.000000000001137,170.9140625,875.44921875
570,29.679186000066693,29.999999999997584,172.36328125,875.44921875
571,29.04736399977992,30.000000000001137,172.37890625,875.44921875
572,29.62701000069501,30.000000000001137,170.92578125,875.44921875
573,29.049968999970588,29.999999999997584,171.28515625,875.44921875
574,29.10287899976538,30.000000000001137,171.66015625,875.44921875
575,29.0511820003303,30.000000000001137,171.6796875,875.44921875
576,29.45926199936366,29.999999999997584,171.68359375,875.44921875
577,29.92239700142818,30.000000000001137,171.68359375,875.44921875
578,30.702553000082844,30.000000000001137,173.1328125,875.44921875
579,30.71774299860408,29.999999999997584,173.1640625,875.46484375
580,27.651783000692376,30.000000000001137,173.171875,875.44921875
581,32.058647000667406,39.99999999999915,172.01953125,875.44921875
582,30.093958999714232,30.000000000001137,172.37890625,875.44921875
583,43.84186300012516,39.99999999999915,172.3984375,875.44921875
584,27.091580999694997,29.999999999997584,172.40625,875.44921875
585,27.590798999881372,30.000000000001137,173.875,875.44921875
586,29.290833001141436,30.000000000001137,172.75,875.44921875
587,27.306076999593643,19.999999999999574,172.796875,875.44921875
588,29.08725799898093,30.000000000001137,173.8984375,875.44921875
589,28.76343400021142,29.999999999997584,173.90625,876.44921875
590,28.760928000338026,30.000000000001137,173.16015625,876.44921875
591,28.91715199984901,30.000000000001137,174.27734375,876.44921875
592,27.318467999066343,29.999999999997584,174.6328125,876.44921875
593,30.835470999591053,30.000000000001137,174.6484375,876.44921875
594,44.08391699871572,60.000000000002274,173.53515625,876.44921875
595,29.04720200058364,19.999999999999574,173.55859375,876.46484375
596,29.444526000588667,30.000000000001137,174.6796875,876.44921875
597,28.79141899938986,29.999999999997584,174.68359375,876.44921875
598,28.628472000491456,30.000000000001137,175.0703125,876.44921875
599,30.01241199854121,30.000000000001137,173.9375,876.44921875
600,30.897737000486813,29.999999999997584,174.2890625,876.44921875
601,29.034328001216636,30.000000000001137,174.65625,876.44921875
602,29.131957000572584,40.0000000000027,175.46484375,876.44921875
603,56.99266000010539,49.99999999999716,173.62890625,876.44921875
604,29.291085998920607,30.000000000001137,173.9921875,876.46484375
605,29.148937999707414,30.000000000001137,175.4375,876.44921875
606,28.057118999640807,30.000000000001137,175.8359375,876.44921875
607,31.747439999890048,29.999999999997584,174.00390625,876.44921875
608,29.674461000468,30.000000000001137,175.4609375,876.44921875
609,29.309956000361126,30.000000000001137,175.828125,876.44921875
610,51.08621200088237,49.99999999999716,176.22265625,876.44921875
611,31.424431001141784,40.0000000000027,176.2421875,876.44921875
612,30.48968999974022,29.999999999997584,174.765625,876.44921875
613,44.210487001691945,40.0000000000027,175.1171875,876.44921875
614,30.32423100012238,29.999999999997584,175.1640625,876.44921875
615,28.82277499884367,39.99999999999915,175.1796875,876.44921875
616,29.453900999214966,30.000000000001137,175.140625,876.44921875
617,28.59973700105911,29.999999999997584,175.171875,876.44921875
618,29.11384800063388,30.000000000001137,176.671875,876.44921875
619,34.09230900069815,30.000000000001137,176.69140625,876.44921875
620,28.954505000001518,29.999999999997584,177.04296875,876.44921875
621,30.090701000517583,30.000000000001137,175.72265625,876.44921875
622,30.907211999874562,30.000000000001137,175.78125,876.44921875
623,29.07138799855602,29.999999999997584,175.78125,876.44921875
624,29.488190999472863,30.000000000001137,175.796875,876.44921875
625,29.659776000698912,30.000000000001137,175.78125,876.44921875
626,32.862605001355405,29.999999999997584,177.25,876.44921875
627,34.369580000202404,40.0000000000027,177.26171875,876.44921875
628,29.343989999688347,29.999999999997584,177.28515625,876.44921875
629,30.548909000572166,40.0000000000027,175.9296875,876.44921875
630,31.527252000159933,39.99999999999915,177.27734375,876.44921875
631,81.76652200017998,80.00000000000185,177.30859375,876.44921875
632,29.10966799936432,29.999999999997584,177.30859375,876.44921875
633,29.7455780000746,30.000000000001137,166.78515625,876.44921875
634,55.13417499969364,50.00000000000071,167.11328125,876.44921875
635,27.125132000946905,30.000000000001137,167.1328125,876.44921875
636,28.846409000834683,29.999999999997584,167.1328125,876.44921875
637,26.55937700001232,19.999999999999574,167.1328125,876.44921875
638,27.805988998807152,19.999999999999574,167.515625,876.44921875
639,29.639145999681205,30.000000000001137,167.54296875,876.44921875
640,28.55135999925551,29.999999999997584,167.81640625,876.44921875
641,28.19381300105306,30.000000000001137,168.1484375,876.44921875
642,31.142411000473658,39.99999999999915,167.796875,876.44921875
643,27.612395999312866,29.999999999997584,167.8203125,876.44921875
644,29.31672300110222,30.000000000001137,168.5859375,876.44921875
645,29.026463000263902,19.999999999999574,168.9140625,876.44921875
646,27.666191001117113,30.000000000001137,169.26953125,876.44921875
647,28.897357999085216,30.000000000001137,167.5546875,876.44921875
648,30.172003998814034,29.999999999997584,167.8203125,876.44921875
649,28.60443600002327,30.000000000001137,168.16796875,876.46484375
650,28.875266001705313,30.000000000001137,169.58203125,876.44921875
651,31.150711998634506,29.999999999997584,167.8046875,876.44921875
652,28.92403099940566,40.0000000000027,168.15234375,876.44921875
653,29.75420400071016,30.000000000001137,169.56640625,876.44921875
654,29.675908999706735,29.999999999997584,169.921875,876.44921875
655,30.512676001308137,30.000000000001137,168.16015625,876.46484375
656,31.472225000470644,30.000000000001137,169.56640625,876.44921875
657,31.577750998621923,29.999999999997584,169.9140625,876.44921875
658,29.17635700032406,30.000000000001137,170.28515625,876.44921875
659,29.69551200112619,30.000000000001137,170.28515625,876.44921875
660,29.452484001012635,29.999999999997584,168.8515625,876.44921875
661,28.571224000188522,30.000000000001137,169.1953125,876.44921875
662,29.336497000258532,30.000000000001137,169.54296875,876.44921875
663,30.559433998860186,29.999999999997584,169.55859375,876.44921875
664,31.51915299895336,30.000000000001137,169.234375,876.44921875
665,30.050901001231978,30.000000000001137,169.59375,876.46484375
666,30.352211999343126,29.999999999997584,170.98046875,876.44921875
667,30.174026998793124,30.000000000001137,170.99609375,876.44921875
668,30.334120001498377,30.000000000001137,169.5625,876.44921875
669,29.408755000986275,39.99999999999915,169.8984375,876.44921875
670,29.53960000013467,29.999999999997584,170.2421875,876.44921875
671,50.4169579999143,50.00000000000071,170.265625,876.44921875
672,28.999538999414654,30.000000000001137,170.265625,876.44921875
673,29.326916999707464,29.999999999997584,170.25,876.44921875
674,30.777867999859154,30.000000000001137,171.69140625,876.44921875
675,55.51003000073251,59.99999999999872,171.72265625,876.44921875
676,29.203460999269737,30.000000000001137,172.0546875,876.44921875
677,27.960856999925454,30.000000000001137,170.60546875,876.44921875
678,29.828447000909364,29.999999999997584,170.95703125,876.44921875
679,29.438999001285993,30.000000000001137,170.98046875,876.44921875
680,32.40065600039088,30.000000000001137,172.078125,876.44921875
681,29.768243999569677,39.99999999999915,172.08203125,876.44921875
682,30.4217079992668,30.000000000001137,171.30859375,876.44921875
683,29.565049000666477,30.000000000001137,171.37109375,876.44921875
684,28.815400999519625,30.000000000001137,171.37890625,876.44921875
685,30.552048998288228,29.999999999997584,171.71484375,876.44921875
686,30.593171999498736,30.000000000001137,171.69921875,876.44921875
687,30.381845001102192,30.000000000001137,171.71484375,876.44921875
688,29.67786699991848,29.999999999997584,172.05859375,876.44921875
689,28.360115000396036,30.000000000001137,172.83203125,876.44921875
690,31.054686000061338,30.000000000001137,172.0625,876.44921875
691,28.994653999689035,29.999999999997584,172.08203125,876.44921875
692,29.238312999950722,30.000000000001137,172.09765625,876.46484375
693,27.497578999827965,30.000000000001137,173.171875,876.44921875
694,27.180601999134524,19.999999999999574,173.515625,876.44921875
695,30.618540999057586,39.99999999999915,172.4140625,876.44921875
696,28.444943998692906,19.999999999999574,172.76953125,876.44921875
697,28.86644700083707,39.99999999999915,173.12109375,876.44921875
698,30.61220099880302,29.999999999997584,173.484375,876.44921875
699,29.73222299988265,30.000000000001137,172.09375,876.44921875
700,29.58827200018277,30.000000000001137,173.5234375,876.44921875
701,49.51938399972278,50.00000000000071,173.8828125,876.44921875
702,28.037379999659606,29.999999999997584,174.2421875,876.44921875
703,30.265762001363328,40.0000000000027,172.4453125,876.44921875
704,54.24810600015917,50.00000000000071,172.796875,876.44921875
705,27.89432899953681,29.999999999997584,173.16015625,876.44921875
706,28.975134000575054,30.000000000001137,173.52734375,876.44921875
707,61.08069199945021,60.000000000002274,173.52734375,876.44921875
708,30.199132999769063,29.999999999997584,173.15234375,876.44921875
709,32.86327599926153,39.99999999999915,173.5078125,876.44921875
710,30.226852000851068,30.000000000001137,173.8671875,876.44921875
711,61.30652399951941,70.00000000000028,175.3125,876.44921875
712,32.06213699922955,30.000000000001137,173.51171875,876.44921875
713,31.62319600050978,30.000000000001137,174.95703125,876.44921875
714,30.38114300034067,30.000000000001137,175.33203125,876.44921875
715,50.97569800091151,49.99999999999716,175.3515625,876.44921875
716,29.344737999053905,30.000000000001137,175.375,876.44921875
717,28.248048000023118,30.000000000001137,174.24609375,876.44921875
718,31.59964100086654,39.99999999999915,174.62109375,876.44921875
719,33.35136900022917,30.000000000001137,176.06640625,876.44921875
720,29.94468799988681,29.999999999997584,176.421875,876.44921875
721,34.20003099927271,30.000000000001137,174.62890625,876.44921875
722,30.43803100081277,39.99999999999915,175.00390625,876.44921875
723,30.054479000682477,29.999999999997584,176.1171875,876.44921875
724,29.2557789998682,30.000000000001137,176.40234375,876.44921875
725,29.41952599940123,30.000000000001137,174.6171875,876.44921875
726,28.3173749994603,29.999999999997584,174.640625,876.44921875
727,30.210868000722257,30.000000000001137,176.09375,876.44921875
728,30.032673999812687,39.99999999999915,176.44140625,876.44921875
729,28.058830999725615,19.999999999999574,176.79296875,876.44921875
730,30.51161800067348,40.0000000000027,175.74609375,876.44921875
731,30.635701999926823,29.999999999997584,177.12109375,876.44921875
732,28.202887000588817,19.999999999999574,177.14453125,876.44921875
733,28.421864999472746,40.0000000000027,177.15234375,876.44921875
734,30.454196999926353,29.999999999997584,175.28125,876.44921875
735,31.155135000517475,30.000000000001137,176.73046875,876.44921875
736,30.33414099991205,30.000000000001137,177.07421875,876.44921875
737,28.649076999499812,39.99999999999915,177.4296875,876.44921875
738,30.106140999123454,30.000000000001137,176.33203125,876.44921875
739,29.34544599884248,30.000000000001137,176.3671875,876.44921875
740,28.65451999969082,29.999999999997584,176.3671875,876.44921875
741,28.668573999311775,30.000000000001137,176.37890625,876.44921875
742,30.04684100051236,30.000000000001137,177.17578125,876.44921875
743,30.716810000740224,29.999999999997584,176.8359375,876.44921875
744,29.525841000577202,30.000000000001137,177.1796875,876.44921875
745,28.957085000001825,30.000000000001137,177.55078125,876.44921875
746,29.313819999515545,19.999999999999574,177.6640625,876.44921875
747,30.546943000445026,39.99999999999915,176.53515625,876.44921875
748,29.162191998693743,30.000000000001137,176.8984375,876.44921875
749,27.01945999979216,19.999999999999574,177.00390625,876.44921875
750,27.040675999160158,39.99999999999915,177.046875,876.44921875
751,29.207935000158614,29.999999999997584,176.06640625,876.44921875
752,27.798829998573638,30.000000000001137,177.0390625,876.44921875
753,27.19376500135695,19.999999999999574,177.0625,876.44921875
754,29.26399999887508,30.000000000001137,178.07421875,876.44921875
755,72.8015240001696,70.00000000000028,178.078125,876.44921875
756,29.879727999286843,29.999999999997584,167.2734375,876.44921875
757,27.81753899944306,30.000000000001137,167.53125,876.44921875
758,28.907547999551753,30.000000000001137,169.02734375,876.44921875
759,30.356467999808956,29.999999999997584,169.10546875,876.44921875
760,30.11875400079589,30.000000000001137,167.55078125,876.44921875
761,28.58111900059157,30.000000000001137,168.984375,876.44921875
762,28.939990001163096,30.000000000001137,169.23828125,876.44921875
763,28.617449999728706,39.99999999999915,169.2578125,876.44921875
764,30.138839001665474,30.000000000001137,167.828125,876.44921875
765,29.517209999539773,30.000000000001137,168.1640625,876.46484375
766,30.342367999764974,29.999999999997584,169.55859375,876.44921875
767,30.282114999863552,30.000000000001137,169.578125,876.44921875
768,28.345109001747915,30.000000000001137,169.9140625,876.44921875
769,31.801710998479393,29.999999999997584,168.5390625,876.44921875
770,30.7085479998932,30.000000000001137,169.90234375,876.44921875
771,29.276090001076227,30.000000000001137,169.93359375,876.44921875
772,29.593395000119926,29.999999999997584,169.94921875,876.44921875
773,29.6510300013324,30.000000000001137,168.8671875,876.44921875
774,29.11826200033829,30.000000000001137,169.2109375,876.44921875
775,31.01497100033157,29.999999999997584,170.5859375,876.44921875
776,29.068808000374702,39.99999999999915,170.92578125,876.44921875
777,27.111065999633865,30.000000000001137,170.94140625,876.44921875
778,70.49683699915477,70.00000000000028,169.50390625,876.44921875
779,28.29275599833636,29.999999999997584,170.58984375,876.44921875
780,30.451530999926035,30.000000000001137,170.60546875,876.44921875
781,53.17812499924912,59.99999999999872,170.609375,876.44921875
782,29.854275000616326,30.000000000001137,169.84765625,876.44921875
783,30.232052000428666,30.000000000001137,169.85546875,876.44921875
784,30.39875800095615,29.999999999997584,169.87109375,876.44921875
785,29.74374600125884,30.000000000001137,171.2890625,876.44921875
786,29.787002999000833,30.000000000001137,170.1875,876.44921875
787,28.537426000184496,29.999999999997584,171.31640625,877.44921875
788,28.279776999625028,30.000000000001137,171.33203125,877.44921875
789,29.204843000115943,30.000000000001137,171.34375,877.44921875
790,29.157274000681355,19.999999999999574,171.69140625,877.44921875
791,31.308236000768375,39.99999999999915,170.08203125,877.44921875
792,32.401389998995,30.000000000001137,170.27734375,877.44921875
793,31.373943000289728,40.0000000000027,171.69921875,877.44921875
794,31.136449999394245,29.999999999997584,172.05078125,877.44921875
795,56.24715599878982,50.00000000000071,170.28515625,877.44921875
796,30.69358100037789,39.99999999999915,170.6328125,877.44921875
797,30.248397999457666,19.999999999999574,172.01953125,877.44921875
798,30.43768699899374,40.0000000000027,172.37890625,877.44921875
799,30.910138999388437,29.999999999997584,170.6171875,877.44921875
800,30.521560000124737,30.000000000001137,170.9765625,877.44921875
801,34.272360000613844,39.99999999999915,171.3203125,877.44921875
802,29.984829998284113,29.999999999997584,171.6875,877.44921875
803,31.254257999535184,30.000000000001137,171.69140625,877.44921875
804,31.05762599989248,39.99999999999915,171.30859375,877.44921875
805,29.02761199948145,19.999999999999574,171.67578125,877.44921875
806,29.692493000766262,30.000000000001137,172.03125,877.44921875
807,30.79466099916317,39.99999999999915,172.05078125,877.46484375
808,28.086815998904058,19.999999999999574,171.69921875,877.44921875
809,27.40238400110684,30.000000000001137,172.04296875,877.44921875
810,29.555180000897963,30.000000000001137,172.3984375,877.46484375
811,29.432534998704796,29.999999999997584,173.7890625,877.44921875
812,27.282393999485066,30.000000000001137,171.19140625,877.44921875
813,29.67374500076403,30.000000000001137,172.38671875,877.44921875
814,28.171090998512227,19.999999999999574,172.7578125,877.44921875
815,29.4260150003538,40.0000000000027,172.7734375,877.44921875
816,29.231864999019308,29.999999999997584,172.7734375,877.44921875
817,29.000115999224363,30.000000000001137,172.73828125,877.44921875
818,28.890616000353475,30.000000000001137,174.1796875,877.44921875
819,28.83872100028384,29.999999999997584,174.203125,877.44921875
820,27.427045000877115,30.000000000001137,174.20703125,877.44921875
821,29.64933499970357,30.000000000001137,172.9921875,877.44921875
822,31.31524799937324,29.999999999997584,173.0234375,877.44921875
823,31.093331999727525,40.0000000000027,173.0390625,877.44921875
824,29.14697600135696,29.999999999997584,173.0390625,877.44921875
825,29.746797001280356,30.000000000001137,173.04296875,877.44921875
826,29.333373999179457,30.000000000001137,173.08984375,877.46484375
827,30.56848300002457,29.999999999997584,174.50390625,877.44921875
828,28.913869000462,30.000000000001137,174.84765625,877.44921875
829,30.025431000467506,30.000000000001137,174.86328125,877.44921875
830,30.307737999464734,29.999999999997584,173.765625,877.44921875
831,30.040302000998054,30.000000000001137,173.78515625,877.46484375
832,29.623710999658215,30.000000000001137,174.89453125,877.46484375
833,28.97793800002546,29.999999999997584,174.90234375,877.44921875
834,29.37989099882543,30.000000000001137,173.80859375,877.44921875
835,30.45315099916479,30.000000000001137,173.8125,877.44921875
836,30.356901999766706,29.999999999997584,173.81640625,877.44921875
837,29.5557169993117,30.000000000001137,174.1484375,877.44921875
838,29.17746000093757,40.0000000000027,174.51953125,877.44921875
839,29.514382000343176,29.999999999997584,174.16015625,877.44921875
840,29.518707999159233,30.000000000001137,175.59765625,877.44921875
841,28.442347000236623,19.999999999999574,175.94140625,877.44921875
842,28.810415000407374,19.999999999999574,176.3125,877.44921875
843,33.18273699915153,39.99999999999915,174.51953125,877.44921875
844,29.844159000276704,30.000000000001137,174.86328125,877.44921875
845,27.77437800068583,30.000000000001137,175.21484375,877.44921875
846,30.17871099837066,29.999999999997584,175.5859375,877.44921875
847,31.405869998707203,39.99999999999915,173.65625,877.44921875
848,29.779145999782486,30.000000000001137,174.58984375,877.44921875
849,29.285758999321843,29.999999999997584,176.015625,877.44921875
850,29.842580999684287,30.000000000001137,176.3828125,877.44921875
851,29.680242001631996,30.000000000001137,176.3984375,877.44921875
852,30.378477000340354,29.999999999997584,175.61328125,877.44921875
853,29.325318000701373,19.999999999999574,175.96875,877.44921875
854,29.50562299884041,30.000000000001137,176.3359375,877.44921875
855,29.751567000857904,30.000000000001137,176.3515625,877.44921875
856,30.011232000106247,29.999999999997584,175.98828125,877.44921875
857,34.42363999965892,50.00000000000426,176.34375,877.44921875
858,31.56541700082016,29.999999999997584,176.7265625,877.44921875
859,70.23879000007582,60.000000000002274,176.75390625,877.44921875
860,29.88421699956234,29.999999999997584,177.51171875,877.44921875
861,28.33689899853198,30.000000000001137,176.1015625,877.44921875
862,30.478738000965677,30.000000000001137,176.5078125,877.44921875
863,30.33080500063079,39.999999999995595,176.515625,877.44921875
864,29.140845999791054,30.000000000001137,176.53125,877.44921875
865,27.701317998435115,30.000000000001137,176.49609375,877.44921875
866,30.29117400001269,30.000000000001137,177.90625,877.44921875
867,27.621683999313973,29.999999999997584,177.921875,877.44921875
868,28.344940999886603,19.999999999999574,177.94140625,877.44921875
869,29.129601000022376,30.000000000001137,176.85546875,877.44921875
870,28.896862000692636,30.000000000001137,178.28515625,877.44921875
871,29.224473999420297,29.999999999997584,178.30078125,877.44921875
872,30.453100000158884,30.000000000001137,178.30859375,877.44921875
873,29.46244799932174,40.0000000000027,178.30859375,877.44921875
874,29.831916999683017,29.999999999997584,178.2421875,877.44921875
875,28.85968999908073,30.000000000001137,178.28125,877.44921875
876,27.927610999540775,30.000000000001137,178.28125,877.44921875
877,28.9749710009346,29.999999999997584,178.62890625,877.44921875
878,30.295264999949723,30.000000000001137,178.62890625,877.44921875
879,79.79958500072826,80.00000000000185,178.62890625,877.44921875
880,29.647901999851456,29.999999999997584,178.73046875,877.44921875
881,29.893418999563437,30.000000000001137,178.76953125,877.44921875
882,31.936587998643517,30.000000000001137,168.5859375,877.44921875
883,30.12735700031044,39.999999999995595,168.5859375,877.44921875
884,30.1832530003594,30.000000000001137,168.58984375,877.44921875
885,30.44056799990358,30.000000000001137,168.6015625,877.44921875
886,30.771964999075863,29.999999999997584,168.92578125,877.44921875
887,31.60716499951377,30.000000000001137,168.43359375,877.44921875
888,30.471385000055307,30.000000000001137,169.91015625,877.44921875
889,29.924902999482583,29.999999999997584,170.2421875,877.44921875
890,28.503711999292136,30.000000000001137,170.6171875,877.44921875
891,31.352709998827777,30.000000000001137,168.6015625,877.44921875
892,30.128234000585508,39.99999999999915,168.9296875,877.44921875
893,28.786888000468025,30.000000000001137,169.265625,877.44921875
894,71.08759699985967,70.00000000000028,169.609375,877.44921875
895,36.857047000012244,39.99999999999915,169.046875,877.44921875
896,28.09797699956107,30.000000000001137,169.375,877.44921875
897,28.21430599942687,30.000000000001137,169.73828125,877.44921875
898,30.596959999456885,39.99999999999915,171.0859375,877.44921875
899,28.96451999913552,30.000000000001137,171.10546875,877.44921875
900,29.362758999923244,19.99999999999602,169.6328125,877.44921875
901,28.606265001144493,30.000000000001137,170.01953125,877.46484375
902,29.10336499917321,30.000000000001137,171.36328125,877.44921875
903,29.541349000282935,30.000000000001137,171.41015625,877.44921875
904,29.69406699958199,30.000000000001137,169.890625,877.44921875
905,29.3941799991444,39.99999999999915,171.3359375,877.44921875
906,28.789034000510583,30.000000000001137,171.6875,877.44921875
907,29.77469700090296,30.000000000001137,171.71484375,877.44921875
908,28.889122999316896,19.99999999999602,169.42578125,877.44921875
909,29.8375100010162,30.000000000001137,170.59765625,877.44921875
910,29.19751799890946,30.000000000001137,170.94921875,877.44921875
911,29.885212999943178,39.99999999999915,170.9765625,877.44921875
912,30.34613099953276,30.000000000001137,170.9765625,877.44921875
913,30.163077000906924,30.000000000001137,171.05859375,877.44921875
914,28.89807100109465,39.99999999999915,172.40625,877.44921875
915,28.95871900000202,19.99999999999602,172.4765625,877.44921875
916,29.146163000405068,30.000000000001137,172.81640625,877.44921875
917,27.772282001023996,30.000000000001137,171.33984375,877.44921875
918,28.52734100088128,30.000000000001137,171.6640625,877.44921875
919,52.0219760001055,49.99999999999716,171.68359375,877.44921875
920,39.33988399876398,39.99999999999915,171.6875,877.44921875
921,30.117209998934413,30.000000000001137,173.03125,877.44921875
922,29.790239999783807,39.99999999999915,171.9609375,877.44921875
923,27.852344999701018,20.000000000003126,171.9921875,877.44921875
924,26.36770000026445,30.000000000001137,172.00390625,877.44921875
925,28.862923998531187,30.000000000001137,172.35546875,877.44921875
926,27.997199998935685,30.000000000001137,172.390625,877.44921875
927,28.35675900132628,30.000000000001137,172.453125,877.44921875
928,28.48992999861366,29.99999999999403,172.765625,877.44921875
929,46.01909700068063,39.99999999999915,173.44921875,877.44921875
930,27.475235001475085,30.000000000001137,172.69140625,877.44921875
931,30.665002999739954,39.99999999999915,173.765625,877.44921875
932,28.982503001316218,30.000000000001137,174.1171875,877.44921875
933,27.9782849993353,30.000000000001137,174.14453125,877.44921875
934,31.007454999780748,30.000000000001137,174.15625,877.44921875
935,29.489906000890187,30.000000000001137,173.12890625,877.44921875
936,28.07656799996039,19.99999999999602,173.484375,877.44921875
937,30.301430000690743,30.000000000001137,173.8125,877.44921875
938,29.056997000225238,30.000000000001137,174.16015625,877.44921875
939,31.02730499995232,39.99999999999915,172.7265625,877.44921875
940,55.63346199960506,59.99999999999517,174.14453125,877.46484375
941,28.96838600099727,30.000000000001137,174.46875,877.44921875
942,29.504017998988274,30.000000000001137,174.828125,877.44921875
943,30.30643300007796,30.000000000001137,172.26171875,877.44921875
944,34.69403399867588,30.000000000001137,173.4140625,877.44921875
945,28.796120001061354,29.99999999999403,173.7734375,877.44921875
946,28.93834600035916,30.000000000001137,175.19921875,877.44921875
947,49.496295001517865,50.00000000000426,175.2421875,877.44921875
948,29.037147000053665,30.000000000001137,173.77734375,877.44921875
949,28.751245999956154,29.99999999999403,174.125,877.44921875
950,28.787647999706678,30.000000000001137,174.48046875,877.44921875
951,29.057640998871648,30.000000000001137,174.5078125,877.44921875
952,29.725300999416504,30.000000000001137,174.171875,877.44921875
953,29.417814999760594,30.000000000001137,174.5234375,877.44921875
954,29.03358000003209,30.000000000001137,174.890625,877.44921875
955,30.40824399977282,39.99999999999204,174.9140625,877.44921875
956,28.89151000090351,30.000000000001137,174.9140625,877.44921875
957,29.70843700131809,30.000000000001137,174.91015625,877.44921875
958,29.330896000828943,30.000000000001137,175.26171875,877.44921875
959,31.039942001370946,30.000000000001137,175.26171875,877.44921875
960,28.13373299977684,30.000000000001137,175.27734375,877.44921875
961,29.131356999641866,29.99999999999403,175.23046875,877.44921875
962,30.849298998873564,30.000000000001137,175.59765625,877.44921875
963,28.92452699961723,30.000000000001137,175.61328125,877.44921875
964,27.845171998706064,30.000000000001137,175.64453125,877.44921875
965,32.5073660005728,30.000000000001137,175.62109375,877.44921875
966,30.209902999558835,39.99999999999915,177.0625,877.44921875
967,30.14909000012267,30.000000000001137,177.0859375,877.44921875
968,31.543180000880966,30.000000000001137,177.42578125,877.44921875
969,58.89003400079673,60.000000000002274,177.78515625,877.44921875
970,43.09034600009909,49.99999999999716,176.3671875,877.44921875
971,40.469065999786835,50.00000000000426,176.3984375,877.44921875
972,44.160551000459236,39.99999999999915,176.74609375,877.44921875
973,39.62153400061652,39.99999999999915,177.1015625,877.44921875
974,34.13789899968833,39.99999999999915,176.7890625,877.44921875
975,36.94653599995945,39.99999999999915,176.8125,877.44921875
976,43.16855400065833,39.99999999999915,176.81640625,877.44921875
977,49.59194399998523,50.00000000000426,176.83203125,877.44921875
978,35.92123800081026,39.99999999999915,176.3515625,877.44921875
979,33.78944500036596,30.000000000001137,177.76953125,877.44921875
980,43.19612499966752,49.99999999999716,178.12109375,877.44921875
981,35.97166899999138,39.99999999999915,178.484375,877.44921875
982,29.24020599857613,30.000000000001137,178.69921875,877.44921875
983,28.550259999974514,30.000000000001137,177.578125,877.44921875
984,30.34162599942647,30.000000000001137,177.921875,877.44921875
985,28.643814999668393,29.99999999999403,178.28125,877.44921875
986,28.32319600020128,30.000000000001137,178.64453125,877.44921875
987,29.348927999308216,30.000000000001137,177.23828125,877.44921875
988,29.905088000305113,30.000000000001137,178.640625,877.44921875
989,27.56696100004774,30.000000000001137,178.9921875,877.44921875
990,27.40517499842099,30.000000000001137,179.375,877.44921875
991,30.05232900068222,29.99999999999403,179.71875,877.44921875
992,29.413080999802332,30.000000000001137,177.92578125,877.44921875
993,28.996725999604678,30.000000000001137,179.37109375,877.44921875
994,30.55562900044606,39.99999999999915,179.70703125,878.44921875
995,30.434960001002764,30.000000000001137,179.72265625,878.44921875
996,30.56923700023617,30.000000000001137,178.3359375,878.44921875
997,29.425091999655706,29.99999999999403,178.6875,878.44921875
998,29.542164998929366,30.000000000001137,179.06640625,878.44921875
999,30.530964000718086,30.000000000001137,179.08203125,878.44921875
1000,31.6970889998629,30.000000000001137,178.703125,878.44921875
